"Page","SourceFile","ReviewFile"
"01","ig_041c9c61524506090169e8e203f38481969201f604fe11a3e7.png","Page-01.png"
"02","ig_041c9c61524506090169e8e267ef24819693819bc50836a53e.png","Page-02.png"
"03","ig_041c9c61524506090169e6771684cc8196bb90502037907adb.png","Page-03.png"
"04","ig_041c9c61524506090169e6778853dc8196b01ee76b067dbf31.png","Page-04.png"
"05","ig_041c9c61524506090169e678cc30bc8196b5fe78ec34469339.png","Page-05.png"
"06","ig_041c9c61524506090169e8dd3d54048196bf389f0ea552df9d.png","Page-06.png"
"07","ig_041c9c61524506090169e68225d04c8196af65592f02cd35a9.png","Page-07.png"
"08","ig_041c9c61524506090169e8ddab1b8481968e524d47b63cd32e.png","Page-08.png"
"09","ig_041c9c61524506090169e683e86a9881969f50b747a706bde5.png","Page-09.png"
"10","ig_041c9c61524506090169e6887183c881968c39e802d188aa9b.png","Page-10.png"
"11","ig_041c9c61524506090169e7998ab2a48196a9e40802f8163fbc.png","Page-11.png"
"12","ig_041c9c61524506090169e799392c808196a80864d29e40e701.png","Page-12.png"
"13","ig_041c9c61524506090169e79aefa15081969bc44e2fa458f08c.png","Page-13.png"
"14","ig_041c9c61524506090169e79b2846888196b623c91e26cd9bfd.png","Page-14.png"
"15","ig_041c9c61524506090169e7a1af6c8c8196807fe5acdb109916.png","Page-15.png"
"16","ig_041c9c61524506090169e7a27cea9481968fd3138aa23e1859.png","Page-16.png"
"17","ig_041c9c61524506090169e8df2a8f1081968e915fcaebf22eda.png","Page-17.png"
"18","ig_041c9c61524506090169e7a47777708196bcf7337eac0bf028.png","Page-18.png"
"19","ig_041c9c61524506090169e7a4be9ecc8196bf4c89a3ee3ba4d4.png","Page-19.png"
"20","ig_041c9c61524506090169e8dfa0b36081969fcabc55e1bd093a.png","Page-20.png"
"21","ig_041c9c61524506090169e8e18c6d7c8196b5433aaabe29521f.png","Page-21.png"
"22","ig_041c9c61524506090169e7a86e585c8196a01d1b5e5277ddf2.png","Page-22.png"
"23","ig_041c9c61524506090169e7a8bb73408196b6a78a1adf34238e.png","Page-23.png"
"24","ig_041c9c61524506090169e8d89372988196b83490c1201f9751.png","Page-24.png"
